[
    {
        "Id":"6",
        "Name":"Anjitha",
        "Account":"TSG",
        "Salary":"350000",
        "Project":"B",
        "Gender":"Female"
    },
    {
        "Id":"7",
        "Name":"Ajay",
        "Account":"TSG",
        "Salary":"350000",
        "Project":"B",
        "Gender":"Male"
    
    }
    ,
    {
        "Id":"8",
        "Name":"Athul K",
        "Account":"TSG",
        "Salary":"350000",
        "Project":"B",
        "Gender":"Male"
    
    }
    
]